{"cameraMode":{"drawMode":0,"name":"Shaded","section":"Shading Mode"},"sceneLighting":false,"audioPlay":false,"sceneViewState":{"showFog":true,"showMaterialUpdate":false,"showSkybox":true,"showFlares":true,"showImageEffects":true,"showParticleSystems":true},"in2DMode":false,"pivot":{"x":0.00030997395515441895,"y":0.015591887757182122,"z":-0.0016449615359306336},"rotation":{"x":0.0011862849351018668,"y":0.9958648085594177,"z":0.01313673984259367,"w":-0.08988533914089203},"size":27.995691299438478,"orthographic":true}