{"cameraMode":{"drawMode":0,"name":"Shaded","section":"Shading Mode"},"sceneLighting":false,"audioPlay":false,"sceneViewState":{"showFog":true,"showMaterialUpdate":false,"showSkybox":true,"showFlares":true,"showImageEffects":true,"showParticleSystems":true},"in2DMode":false,"pivot":{"x":0.040283203125,"y":0.38623046875,"z":-0.17626953125},"rotation":{"x":0.0035947724245488645,"y":0.9923253655433655,"z":-0.11996492743492127,"w":0.029763514176011087},"size":2.0622220039367677,"orthographic":true}