{"cameraMode":{"drawMode":0,"name":"Shaded","section":"Shading Mode"},"sceneLighting":false,"audioPlay":false,"sceneViewState":{"showFog":true,"showMaterialUpdate":false,"showSkybox":true,"showFlares":true,"showImageEffects":true,"showParticleSystems":true},"in2DMode":false,"pivot":{"x":0.0,"y":0.015591887757182122,"z":9.313225746154786e-10},"rotation":{"x":0.0007538568461313844,"y":-0.995617151260376,"z":0.09317116439342499,"w":0.00807238183915615},"size":0.10400949418544769,"orthographic":true}