{"cameraMode":{"drawMode":0,"name":"Shaded","section":"Shading Mode"},"sceneLighting":false,"audioPlay":false,"sceneViewState":{"showFog":true,"showMaterialUpdate":false,"showSkybox":true,"showFlares":true,"showImageEffects":true,"showParticleSystems":true},"in2DMode":false,"pivot":{"x":0.00015248730778694153,"y":0.02641899324953556,"z":0.000027026981115341187},"rotation":{"x":-0.160804882645607,"y":0.30310848355293276,"z":-0.051971375942230228,"w":-0.9378518462181091},"size":0.13908666372299195,"orthographic":true}