{"cameraMode":{"drawMode":0,"name":"Shaded","section":"Shading Mode"},"sceneLighting":false,"audioPlay":false,"sceneViewState":{"showFog":true,"showMaterialUpdate":false,"showSkybox":true,"showFlares":true,"showImageEffects":true,"showParticleSystems":true},"in2DMode":false,"pivot":{"x":0.009704828262329102,"y":6.659408092498779,"z":5.001621723175049},"rotation":{"x":0.00005566877007368021,"y":-0.9955087900161743,"z":0.09466737508773804,"w":0.0006040108273737133},"size":8.346813201904297,"orthographic":true}