{"cameraMode":{"drawMode":0,"name":"Shaded","section":"Shading Mode"},"sceneLighting":false,"audioPlay":false,"sceneViewState":{"showFog":true,"showMaterialUpdate":false,"showSkybox":true,"showFlares":true,"showImageEffects":true,"showParticleSystems":true},"in2DMode":false,"pivot":{"x":1.0000427961349488,"y":3.023618221282959,"z":9.99975299835205},"rotation":{"x":-0.04160497710108757,"y":0.9557822942733765,"z":-0.23877385258674622,"w":-0.1665421426296234},"size":3.4233624935150148,"orthographic":true}