{"cameraMode":{"drawMode":0,"name":"Shaded","section":"Shading Mode"},"sceneLighting":false,"audioPlay":false,"sceneViewState":{"showFog":true,"showMaterialUpdate":false,"showSkybox":true,"showFlares":true,"showImageEffects":true,"showParticleSystems":true},"in2DMode":false,"pivot":{"x":-0.000003831461071968079,"y":0.0019502377836033702,"z":0.00014239922165870667},"rotation":{"x":-0.12445761263370514,"y":0.718414306640625,"z":-0.133183553814888,"w":-0.6713072061538696},"size":0.1017608642578125,"orthographic":true}