{"cameraMode":{"drawMode":0,"name":"Shaded","section":"Shading Mode"},"sceneLighting":false,"audioPlay":false,"sceneViewState":{"showFog":true,"showMaterialUpdate":false,"showSkybox":true,"showFlares":true,"showImageEffects":true,"showParticleSystems":true},"in2DMode":false,"pivot":{"x":-0.4987640380859375,"y":-0.138671875,"z":-0.533203125},"rotation":{"x":-0.00017665681662037969,"y":0.9931259751319885,"z":-0.11704051494598389,"w":-0.001504447776824236},"size":4.669820785522461,"orthographic":true}