{"cameraMode":{"drawMode":0,"name":"Shaded","section":"Shading Mode"},"sceneLighting":false,"audioPlay":false,"sceneViewState":{"showFog":true,"showMaterialUpdate":false,"showSkybox":true,"showFlares":true,"showImageEffects":true,"showParticleSystems":true},"in2DMode":false,"pivot":{"x":0.00004278123378753662,"y":0.023618308827280999,"z":-0.0002471357583999634},"rotation":{"x":0.03480364754796028,"y":-0.8149383664131165,"z":0.04920915141701698,"w":0.5764049887657166},"size":0.16422155499458314,"orthographic":true}