{"cameraMode":{"drawMode":0,"name":"Shaded","section":"Shading Mode"},"sceneLighting":false,"audioPlay":false,"sceneViewState":{"showFog":true,"showMaterialUpdate":false,"showSkybox":true,"showFlares":true,"showImageEffects":true,"showParticleSystems":true},"in2DMode":false,"pivot":{"x":-11.63785171508789,"y":2.03666090965271,"z":4.0428667068481449},"rotation":{"x":-0.053148698061704639,"y":-0.7536466121673584,"z":0.06141618266701698,"w":-0.6522423624992371},"size":4.458477973937988,"orthographic":true}