{"cameraMode":{"drawMode":0,"name":"Shaded","section":"Shading Mode"},"sceneLighting":false,"audioPlay":false,"sceneViewState":{"showFog":true,"showMaterialUpdate":false,"showSkybox":true,"showFlares":true,"showImageEffects":true,"showParticleSystems":true},"in2DMode":false,"pivot":{"x":-0.21533203125,"y":0.8028564453125,"z":-0.0523681640625},"rotation":{"x":0.07056061178445816,"y":-0.7923471331596375,"z":0.09337931871414185,"w":0.5987383127212524},"size":2.950000524520874,"orthographic":true}